{
  "feature_order": [
    "Age_rank",
    "Sex",
    "Education",
    "Race",
    "Activities",
    "Hearing",
    "TG",
    "Tinnitus",
    "CHO",
    "Dairy",
    "Smoke",
    "Fruit"
  ],
  "mappings": {
    "Age_rank": {
      "20-24岁": -1.6035674514745464,
      "25-29岁": -1.3363062095621219,
      "30-34岁": -1.0690449676496976,
      "35-39岁": -0.8017837257372732,
      "40-44岁": -0.5345224838248488,
      "45-49岁": -0.2672612419124244,
      "50-54岁": 0.0,
      "55-59岁": 0.2672612419124244,
      "60-64岁": 0.5345224838248488,
      "65-69岁": 0.8017837257372732,
      "70-74岁": 1.0690449676496976,
      "75-80岁": 1.3363062095621219,
      "80岁以上": 1.6035674514745464
    },
    "Sex": {
      "男": -1.0,
      "女": 1.0
    },
    "Education": {
      "文盲": -1.4638501094227998,
      "小学": -0.8783100656536799,
      "初中(技校)": -0.29277002188455997,
      "高中(中专)": 0.29277002188455997,
      "大专及本科": 0.8783100656536799,
      "研究生及以上": 1.4638501094227998
    },
    "Race": {
      "汉族": -0.823895713812499,
      "朝鲜族": -0.20574516757314676,
      "满族": 1.6871652292408388,
      "其他民族": -0.6575243478551939
    },
    "Activities": {
      "轻度": -1.224744871391589,
      "中度": 0.0,
      "重度": 1.224744871391589
    },
    "Hearing": {
      "正常": -1.224744871391589,
      "不好": 0.0,
      "很差": 1.224744871391589
    },
    "TG": {
      "正常(0-1.7)": -1.224744871391589,
      "轻度异常(1.7-2.3)": 0.0,
      "明显异常(>=2.3)": 1.224744871391589
    },
    "Tinnitus": {
      "无耳鸣": -1.0,
      "近一年有超过15分钟的耳鸣": 1.0
    },
    "CHO": {
      "正常(0-5.2)": -1.224744871391589,
      "轻度异常(5.2-6.2)": 0.0,
      "明显异常(>=6.2)": 1.224744871391589
    },
    "Dairy": {
      "每周5-7天": -1.414213562373095,
      "每周3-4天": -0.7071067811865475,
      "每周1-2天": 0.0,
      "每月≤3天": 0.7071067811865475,
      "从不吃": 1.414213562373095
    },
    "Smoke": {
      "从不吸烟": -1.224744871391589,
      "吸烟": 0.0,
      "已戒烟": 1.224744871391589
    },
    "Fruit": {
      "每周5-7天": -1.414213562373095,
      "每周3-4天": -0.7071067811865475,
      "每周1-2天": 0.0,
      "每月≤3天": 0.7071067811865475,
      "从不吃": 1.414213562373095
    }
  }
}